{
  "berturk": {
    "loss": 0.2214,
    "accuracy": 0.9189,
    "precision": 0.6977,
    "recall": 0.6897,
    "f1": 0.6937
  },
  "mbert": {
    "loss": 0.21774791181087494,
    "accuracy": 0.9203975703866935,
    "precision": 0.7082473631433327,
    "recall": 0.6982938898896411,
    "f1": 0.7032354083422605
  },
  "electra": {
    "loss": 0.2229524701833725,
    "accuracy": 0.9185328811560012,
    "precision": 0.6946051586687706,
    "recall": 0.6960911984786473,
    "f1": 0.6953473846137962
  },
  "xlm-r": {
    "loss": 0.22510989010334015,
    "accuracy": 0.9173633492757948,
    "precision": 0.6996779259495861,
    "recall": 0.6795284750407156,
    "f1": 0.6894560142684781
  }
}